{
  "project_info": {
    "project_number": "1028910359797",
    "firebase_url": "https://medicinamsrp.firebaseio.com",
    "project_id": "medicinamsrp",
    "storage_bucket": "medicinamsrp.appspot.com"
  },
  "client": [
    {
      "client_info": {
        "mobilesdk_app_id": "1:1028910359797:android:7dc7a3cdcf60668f",
        "android_client_info": {
          "package_name": "medicina.msrp.cse.medicinamsrp"
        }
      },
      "oauth_client": [
        {
          "client_id": "1028910359797-58urha7fncueqa6rd1gt295pabcm69vn.apps.googleusercontent.com",
          "client_type": 1,
          "android_info": {
            "package_name": "medicina.msrp.cse.medicinamsrp",
            "certificate_hash": "c4bbf4a59045283271b7314904e0d87c0386782e"
          }
        },
        {
          "client_id": "1028910359797-k2dbhsdb5nb460vdkmer1k1broph9j84.apps.googleusercontent.com",
          "client_type": 1,
          "android_info": {
            "package_name": "medicina.msrp.cse.medicinamsrp",
            "certificate_hash": "aa75d1b76b420c1dfd2fd9c93a967d0840632dfb"
          }
        },
        {
          "client_id": "1028910359797-pfs5usql453oq67hok6mfm7ba9nq8kbq.apps.googleusercontent.com",
          "client_type": 3
        }
      ],
      "api_key": [
        {
          "current_key": "AIzaSyBrXNXB2DdzmkjhBFc-waPOtcugjEaHkDk"
        }
      ],
      "services": {
        "analytics_service": {
          "status": 1
        },
        "appinvite_service": {
          "status": 2,
          "other_platform_oauth_client": [
            {
              "client_id": "1028910359797-pfs5usql453oq67hok6mfm7ba9nq8kbq.apps.googleusercontent.com",
              "client_type": 3
            }
          ]
        },
        "ads_service": {
          "status": 2
        }
      }
    }
  ],
  "configuration_version": "1"
}